	Metric	H-stat	p-value	Eta_Sq
7	RNA Degradation (3' Bias)	2708.453025507851	0.0	0.8420654522629943
3	rRNA Fraction	2617.6696571511175	0.0	0.8133637866427814
1	Spliced Reads (%)	2561.682348794875	0.0	0.7956630884587022
8	NG80	2395.0900467811853	0.0	0.7429940078347093
6	Gene Length Bias	2299.009001570108	0.0	0.7126174522826773
9	NP80	2238.936037597297	0.0	0.6936250514060376
10	(NP80/NG80)	2173.6910379206997	0.0	0.6729974827444514
2	gDNA Contamination (Intron/Exon)	2017.0997947048907	0.0	0.623490292350582
5	GC Bias	1750.9965983120164	0.0	0.5393602903294393
0	log(Total Reads)	1535.781331032033	1.5082964301414735e-292	0.47131878945053207
4	Platelet Score	1096.787394586032	2.3247657660684655e-200	0.3325284206721568
