Layer	Study	(NP80/NG80)	Batch_ID	GC Bias	Gene Length Bias	NG80	NP80	Phenotype_Processed	Platelet Score	RNA Degradation (3' Bias)	Sample Volume (mL)	Spliced Reads (%)	Total Centrifugation Force (g)	gDNA Contamination (Intron/Exon)	log(Total Reads)	rRNA Fraction
Raw	Chalasani et al.	0.00040326637458742987		0.002101026079209589	0.0015722310557030328	0.0004051019730826333	0.0009726639629750178	0.0013877264212401874	0.008368506963852607	0.003862833899908047	0.0	0.012338312056824785	0.0	0.0017504040500300189	0.28588792583183864	0.0
Raw	Chang et al.	0.0005209121284404095	0.022054130754964762	0.002111709988306787	0.0029458512865916386	7.04143187251205e-05	0.0035953894594979996	0.0	0.004727961675591641	0.0011253093260166214	0.0	0.009011595335485123	0.0	0.012236631857650115	0.09843923981231373	0.0
Raw	Chen et al.	0.030315794894440584	0.0	0.0026839312386117697	0.0008972414910360937	0.0	0.009127259556093392	0.0126117094256053	0.048037708045488015	0.0012650094374366816	0.007871532717841134	0.02769834795746462	0.0	0.0003238076824984004	0.212847424787175	0.0
Raw	Gardella et al.	0.0002897140207904769	0.029372477437574984	0.016565109080190932	0.004521982540291569	0.0006582483849236764	0.006604284117291637	0.00020874815189320106	0.006309234345627468	0.0425634900435663	0.0006215049031744746	0.053633547758085376	0.0006215049031744746	0.008251628353926788	0.14465326007589008	5.549538961169276e-05
Raw	Ibarra et al.	0.0052747134684898445	0.0035813188039458543	0.004059737556773246	0.0	0.0015362672664542831	0.0018452602864792444	0.041424802498649105	0.015443394679048428	0.005947329718693606	0.0002298914517546713	0.005645558591707123	0.0	0.006918735641315177	0.13097791940232006	0.000812250801283998
Raw	Moore et al.	0.0025587302422745983	0.017284824675383725	0.0009444259771461683	0.014648481891438192	0.004927759524212982	0.016573024410204917	0.0	0.016441715211344854	0.018257788942633746	0.0	0.027892304843062488	0.010739316288129186	0.001946866602286157	0.22407842756409913	0.0009584727264261295
Raw	Moufarrej et al.	0.028931763814562195	0.006180049788058972	0.0034294664847237533	0.0	0.0005258974717753384	0.006424721332974004	0.00027734480807184436	0.012700527296603092	0.0	0.0	0.024328458247156903	0.0	0.005760699855564599	0.0795781186839909	0.003008616686130172
Raw	Roskams-Hieter B et al.	0.01867484754589177	0.0	0.0023801892621435616	0.0	0.0035761587233938963	0.0	0.011615055109657768	0.01544211443887522	0.01448166621066782	0.0	0.016794815810462715	0.0	0.01430489004114388	0.07168609652542401	0.0015076936758056103
Raw	Toden et al.	0.003846635426867584	0.0010279750822740352	0.0044571011770291324	0.008138210459894601	0.0	0.001647647787751172	0.005375275354458475	0.025775931559825827	0.012451448424870115	0.0012551523818928878	0.008512064555593613	0.0012551523818928878	0.0020518974619023744	0.2814733047474678	0.0005368747993808043
Raw	Ward Z et al.	0.014081960728603793		0.001731551571602541	0.00048391074199372053	0.007014301094592779	0.0015181357245902527	0.0023293717822605586	0.0013218242825741022	0.0033739345571460744	0.00016345264131745196	0.04725263257335233	0.00016345264131745196	0.029264592920910326	0.2251782388896455	0.0005805630972451903
TPM	Chalasani et al.	0.00251844647026489		0.006105026096573152	0.008851115497739426	0.004985056573666546	0.008581316106195946	0.010990414159086082	0.059381275832900204	0.011279776140191267	0.0	0.04615937883354204	0.0	0.006192254502279004	0.0030379965572310264	0.0041754077636008136
TPM	Chang et al.	0.0	0.023988938233767798	0.009057611115565911	0.0020536924070734264	0.005265840371248998	0.01487098572621659	0.0	0.015074088943567321	0.0038370242173393354	0.0013696891904720898	0.00965910351539312	0.0	0.003581526353937492	0.0029698429015391214	0.0
TPM	Chen et al.	0.03279593699557404	0.0053818360729342984	0.04265954236454794	0.0006436542080279217	0.003521146264083841	0.012079267073222488	0.012306225120687575	0.0192313641946672	0.03158716924334204	0.0025291820688078115	0.037070190194988584	0.0	0.0052679716608136085	0.02849092276521814	0.005830210603662289
TPM	Gardella et al.	0.00020239508976671594	0.04107409852672994	0.02640239548883616	0.010386698511328118	0.006816604240785007	0.02961467915740168	0.0019943253158261065	0.009359947627070375	0.03516956571883578	0.0	0.0695523043448586	0.0	0.012541754860877719	0.005960068933253071	0.0012503464546713694
TPM	Ibarra et al.	0.005931423022675575	0.006223159668073408	0.006942687896785982	0.004476626935282946	0.002078944073817146	0.003517064746408227	0.0382595895554263	0.007449103113139621	0.0035373485777898672	0.0	0.006131590824775102	0.0	0.006325400357973354	0.006506513337805941	0.0
TPM	Moore et al.	0.0032827996676680904	0.02246306041775159	0.001661545561377764	0.018209618003658168	0.02062721244884913	0.04220796457620146	0.0	0.025145898450216864	0.05638274224957551	0.0	0.07813568524344161	0.0028964620037699174	0.008491489204768499	0.0045265763040613916	0.0065185800101751346
TPM	Moufarrej et al.	0.023848237682562945	0.007587924815640856	0.007129466994310385	0.0010544534666722116	0.0010832193174531435	0.01735143478586576	0.0022521881862621607	0.014457721581583649	0.005844124088221769	0.0	0.027716955999750326	0.001291940855123963	0.006735896104687611	0.012885844014529413	0.010470950931290801
TPM	Roskams-Hieter B et al.	0.009843122695513573	0.0	0.009253693195483526	0.0	0.0	0.00716893846270672	0.018627787033762333	0.016803298647242282	0.0346078049195957	0.0	0.030542916530456488	0.0	0.01386452408729033	0.009835433487209944	0.000608743273773138
TPM	Toden et al.	3.0613117818933944e-05	0.002502125495096652	0.005752916537383412	0.0094010387860195	0.013353508388757263	0.022296873476098322	0.009445435308608308	0.061514252084772236	0.008192905524031402	0.0	0.005478351926010427	0.0	0.01062337946180758	0.0007951299803269363	0.0
TPM	Ward Z et al.	0.01812723959581175		0.005536312792527753	0.000660582432141843	0.003952133229407906	0.007081865658967956	0.003606867238657885	0.009371877074800361	0.004655950694753441	0.0	0.014947992473721139	0.0	0.004383963654909673	0.0031297416399647116	0.003397777793100687
log2(TPM)	Chalasani et al.	0.001465728081712303		0.0025739866859242344	0.0040431796582105495	0.002424128575174378	0.003069231807374062	0.004943096662304081	0.01239186198814557	0.0034057151932249674	0.0	0.012991759522474	0.0	0.005489482763699094	0.004513667763877516	0.0012498776693310454
log2(TPM)	Chang et al.	8.097975465759522e-05	0.014213439569811248	0.00623637146839251	0.004296203235312546	0.001616293334927743	0.006929241983313461	0.002186923270289687	0.008561471620423866	0.0025650498906307773	0.0003663287831802142	0.0020455473459973783	0.0003695024361801691	0.0019184875288349446	0.007321580733314015	0.002968131221719794
log2(TPM)	Chen et al.	0.0010403228470832193	0.0	0.007647271759934626	0.008046258667073203	0.007354202536517085	0.02686343651236711	0.0	0.021672009462865405	0.004072230513484487	0.00253291481779383	0.007882006882564352	0.0	0.012523487363092722	0.0030209632205013826	0.00791940871777963
log2(TPM)	Gardella et al.	0.00029558805815521616	0.011934079674504883	0.00941938763162542	0.008251882512445352	0.002422892691853251	0.01017674181358541	0.0005723295183491794	0.011081302433537998	0.010197035768194529	0.0	0.007980458903356524	0.0	0.0039675461929657985	0.0018340515613497477	0.003072402519713857
log2(TPM)	Ibarra et al.	0.0	0.017454815750399755	0.002530327473838301	0.0062689228774466255	0.0	0.0	0.01665668184848801	0.014288040081711029	0.0048122731806248265	0.003297087990094316	0.0025591790025693006	0.0	0.005435269360731243	0.007263216078064905	0.002535787594219463
log2(TPM)	Moore et al.	0.0	0.004841755024784455	0.0026122703587542206	0.0074264301060795734	0.00041003134020067833	0.0052787372432523405	0.0014731209749966334	0.009480061500886983	0.002444965162571533	0.0	0.00217476832130592	0.0004712833541394845	0.0025193770221104694	0.0011772079815298708	0.00222535711341576
log2(TPM)	Moufarrej et al.	0.0006779177665036107	0.0004032128685502734	0.0047763465590657805	0.0026650122142856114	0.002935541080452131	0.014075945304176218	0.0	0.005345396302450567	0.003861539542961756	0.0	0.002739383077303259	0.0	0.0026660384999431797	0.002227632864920559	0.0019896422623243426
log2(TPM)	Roskams-Hieter B et al.	0.0	0.0011700697098634416	0.006552378557035166	0.0	0.0013074648410176248	0.008580015007427666	0.011859414740190588	0.012612859192136061	0.004165744998878451	0.0016543639513866282	0.003709603115233273	0.0016543639513866282	0.002630393944090814	0.0019313918745040848	0.004859724235040441
log2(TPM)	Toden et al.	0.0006374418157261141	0.0011940451512321149	0.00652745793046583	0.009921876355016512	0.0010954693714165797	0.007064628401534212	0.003219371498208501	0.01671697437999109	0.010773659849090067	0.0	0.009370547257081752	0.0	0.007120028511587662	0.0034379049104057424	0.0008058447387572221
log2(TPM)	Ward Z et al.	0.003398915223013055		0.008004555046867812	0.006732185875586105	0.008459251507767829	0.013297899052970297	0.006949679094352623	0.014689734009992739	0.0060373188564673	0.0	0.0072629937515334975	0.0	0.005937951958079335	0.009354149124110145	0.011810731053385148
log1p(CPM)	Chalasani et al.	0.0014547517548230138		0.002745203920211603	0.003914255632780805	0.002376239508602662	0.0027624224266947772	0.004986366602909631	0.010220701758516082	0.003083552237644782	0.0	0.012464854827206495	0.0	0.005902997781612851	0.0046483016775052954	0.0011915276491751836
log1p(CPM)	Chang et al.	0.00017943244373241907	0.014427028511630802	0.00632763293071259	0.004199452239005641	0.0017906525791171468	0.008702741790753699	0.0021325698364582646	0.00864150480103354	0.002711747988987767	0.00032530958870624627	0.0021347161458156183	0.000269149394565793	0.0019224536824850036	0.007492448453198963	0.0032076179840778707
log1p(CPM)	Chen et al.	0.001031043090449546	0.0	0.009747857160203988	0.012779789621907955	0.007596167470354187	0.02548310917992247	0.0	0.023564935202590065	0.007144422493948865	0.0028649509841470744	0.006734844225435355	0.0	0.013132963303337575	0.008220803265578613	0.008353744899588511
log1p(CPM)	Gardella et al.	0.0002139984160540731	0.012133544353202352	0.00828045863812299	0.008282517271322898	0.0017506326298192265	0.013137609469084266	0.0007038442961250224	0.011844726926329319	0.009801033991882813	0.0	0.0037507202684812224	0.0	0.0045286384491984855	0.0018661890783646662	0.0021735225831374105
log1p(CPM)	Ibarra et al.	0.0	0.01759314440461668	0.0024881890005239438	0.006112338090011549	0.0	0.0	0.016971594721910788	0.014221057489243183	0.0048239867567710926	0.0031666732201051095	0.002563147966368695	0.0	0.0065297767260645845	0.007976518973533908	0.0027643044663157035
log1p(CPM)	Moore et al.	0.0	0.005185166838938882	0.0029887888219546355	0.009328796686388197	0.0002674031385947462	0.004077207861422627	0.0015371221537016089	0.010035543239477418	0.0026547384596711243	0.0	0.0017592509269568346	0.0004665922307455217	0.00325213359317289	0.0014744092966648692	0.0021575997212190945
log1p(CPM)	Moufarrej et al.	0.000824044832262838	0.0003509780837578358	0.005251857289238604	0.005079730986915387	0.0038233853712955623	0.012857371785759852	0.0	0.005276740799868507	0.0034377727675434233	0.0	0.0016917884676316275	0.0	0.003015215085838685	0.0019198052789934916	0.0020488170079361323
log1p(CPM)	Roskams-Hieter B et al.	0.0	0.0013127349867925187	0.00835203459727607	0.0005789319777963486	0.001767699553029245	0.008202429595971394	0.012859376023097058	0.010948618073075012	0.003961518297215805	0.0025856339566073805	0.0031353459557911245	0.0025856339566073805	0.003986146432599202	0.002181197128921508	0.004789512599161716
log1p(CPM)	Toden et al.	0.0005963245301541242	0.0012401290675222443	0.006655445844431229	0.009836006819994081	0.0012927883837834386	0.007815635142212396	0.00345983540666972	0.0164759574999771	0.010233652154131523	0.0	0.00842865766805212	0.0	0.006475431402720666	0.0035650626086586312	0.000420507738854381
log1p(CPM)	Ward Z et al.	0.00500413643405373		0.009665593333839095	0.008882204122129589	0.010894039943844414	0.01531015879966613	0.007500438896039907	0.014668262736319493	0.006385299017980128	0.0	0.006722803031045221	0.0	0.008713182004175701	0.011542719495030496	0.011319217620946453
log2(FPKM)	Chalasani et al.	0.00150908356450985		0.0024159100191051275	0.004538538392084623	0.002368459373157439	0.0026899032516616295	0.004967566223132769	0.007093262634273345	0.0031588759383680554	0.0	0.009178949124325264	0.0	0.006830946043083208	0.006022565192107088	0.0010636342912883068
log2(FPKM)	Chang et al.	0.0002553006347542075	0.014117329207635088	0.005776156376496089	0.0036839755670960983	0.0017725789834222017	0.008679759056754888	0.001946262637486651	0.007306751288249869	0.0023831668615250656	0.00026719367971728136	0.0022714561730143856	0.0003409491561278122	0.0017619274071346558	0.00860548869269473	0.0034300137488147975
log2(FPKM)	Chen et al.	0.0006066400063563515	0.0	0.007285324476692168	0.030311277198520337	0.006705390837371317	0.019614242362666845	0.0	0.018839414522370923	0.007301962486644165	0.0036990934902488837	0.004919720982703102	0.0	0.01202603931274493	0.010219789941793733	0.008625390381916676
log2(FPKM)	Gardella et al.	0.000312835892972374	0.010236434073318201	0.005457704860579504	0.007213709105655108	0.0012375442566519013	0.01066779339727042	0.0006489601031143266	0.008231778053697902	0.006848221539165089	0.0	0.002388511589038189	0.0	0.0042924820606928815	0.0019064303797600157	0.0018444146119508398
log2(FPKM)	Ibarra et al.	0.0	0.02632471948655446	0.0019427665576020603	0.0059680931094613365	0.0	0.0	0.014638368783887357	0.009788510332605194	0.003623416520253886	0.003084114430816798	0.0019286627357917308	1.1273485804319527e-05	0.006260856790127112	0.008411562987471588	0.002031299014216059
log2(FPKM)	Moore et al.	0.0	0.004267576496264858	0.003337295002145524	0.011557581765726854	0.00012530791976750333	0.0035268675933320948	0.0013122719142467654	0.007414402116857288	0.00201616809013927	0.0	0.0013859294292293267	0.0004836285749727498	0.0039517387827084915	0.0021022291998991083	0.0019034190556345143
log2(FPKM)	Moufarrej et al.	0.0007996664499553274	0.000277925708935145	0.005961613287038481	0.006989988957226023	0.003318059143258445	0.009584397137019196	0.0	0.004019569141889279	0.002235128888057547	0.0	0.0012539850792891993	0.0	0.003555827782958154	0.0016049981080733522	0.0019140777511361673
log2(FPKM)	Roskams-Hieter B et al.	0.0	0.0020955268371321	0.006050251400061546	0.003042580629994074	0.0014276961391098686	0.005611868784012541	0.009674090360483611	0.0062317982596064025	0.0016853271042874818	0.00309559497439027	0.002495543915584264	0.00309559497439027	0.008425562421964017	0.0025573950506073695	0.004744352648336836
log2(FPKM)	Toden et al.	0.0007006831958006332	0.00106144728375146	0.004243579228990768	0.011005371607052061	0.0010509890070417027	0.005546185320912889	0.0025342777049938148	0.009772534919891829	0.00808125567162421	0.0	0.007970558655750803	0.0	0.007029723645838537	0.003590795662369639	0.0004658585424122119
log2(FPKM)	Ward Z et al.	0.00544130250735686		0.00973790183285983	0.00979896718443396	0.010477181402484326	0.014029458531360395	0.00785900033624698	0.013552435033502785	0.00638511895656102	0.0	0.006707849369080532	0.0	0.009532622788728573	0.011197875133231006	0.01079893126646736
log2(TMM)	Chalasani et al.	0.0014933014352302987		0.0025156661682652626	0.004612923892279075	0.0023381779467426256	0.0024768766860910896	0.005084415451294788	0.007212405974464375	0.0034049943804977945	0.0	0.009173460139049294	0.0	0.007381394129519436	0.00716252819956853	0.0010850168594893628
log2(TMM)	Chang et al.	0.00047492501369283957	0.014914275815894218	0.0070421122533601554	0.0036154254103443195	0.0021216532600133453	0.004788483776701491	0.001715643159454383	0.007593979849851107	0.0028480036863748337	0.0002171006340854209	0.0022546855086265083	0.000222864415233337	0.0018305976097652277	0.012440122038696932	0.0033815310087607076
log2(TMM)	Chen et al.	0.0007246950905662741	0.00023192381392167505	0.01234155118244984	0.05641550616807944	0.003986058154970107	0.009134370202270259	0.0	0.01725922487783227	0.007082832575546649	0.0018482212847282797	0.0037909908686656335	0.0	0.009286824243200043	0.013973511241239356	0.007431596093444126
log2(TMM)	Gardella et al.	0.00019585970995861235	0.010497316888976593	0.006318271983070223	0.00804051327318489	0.0011496721208339444	0.006342562465865398	0.0006697841550244998	0.008792727000424883	0.007896118226372373	0.0	0.002220313699386245	0.0	0.004356582507919593	0.002248050110705724	0.0018950892430491528
log2(TMM)	Ibarra et al.	0.0	0.022166361319746142	0.0020680016265738344	0.0068439691582746764	0.0	0.0	0.015817509172272315	0.010356975024260584	0.003875377214873965	0.0028621715160398464	0.0021749083452355933	0.0	0.007177649176103529	0.010829278502934025	0.0021368627941098506
log2(TMM)	Moore et al.	0.0001003385671706214	0.004259433879807428	0.0037576778361709806	0.012354878491454446	0.00022910907006734593	0.002369944492059739	0.0011615633816390858	0.008186260963837566	0.002247344457604883	0.0	0.001452766848224596	0.0005326565858163601	0.00397558242566598	0.0028442974478117833	0.0017115909151298458
log2(TMM)	Moufarrej et al.	0.0008242058143098641	0.0004588159894389765	0.006661265031373653	0.007248341820185411	0.0016809167147076032	0.0036311472019141533	0.0	0.003947027428005456	0.0022480253062973077	0.0	0.0009965113729171193	0.0	0.003623096439887563	0.0012115483963458518	0.001830911167910565
log2(TMM)	Roskams-Hieter B et al.	0.0007076942214222504	0.0010937789276610488	0.008455248522152958	0.004453119413894591	0.0014524114382259423	0.0029074519475431604	0.0111360980954478	0.006229337514189748	0.0023041249301801736	0.0025517492578239764	0.0028982754982562753	0.0025517492578236434	0.008661795145576301	0.0026007839036656932	0.004299177422616651
log2(TMM)	Toden et al.	0.0008938960079011293	0.001121353072445097	0.004539232121835712	0.012914015137704404	0.0010529052564057784	0.002875563142468285	0.002586182270506776	0.010019680194258807	0.008397425235993183	0.0	0.007644312607598236	0.0	0.007407887830450655	0.004543038521512832	0.0004324395971037065
log2(TMM)	Ward Z et al.	0.00716564609091952		0.011259159448080536	0.00918992514724104	0.008857307348262622	0.009479914919429455	0.008253582968508644	0.012866493436078374	0.006808783061836299	0.0001539805144419315	0.007902149762617827	0.0001539805144419315	0.011711863967657776	0.008654967105129363	0.009540912700101933
Salmon(Length Scaled)	Chalasani et al.	0.0003030298885244864		0.0023402901120064268	0.0017095360975247775	0.00033070960991476994	0.0007798371892075995	0.0014450455335457413	0.00930981856371138	0.003197295698561864	0.0	0.011330173548492972	0.0	0.0021434952642009897	0.29042457255736753	0.0
Salmon(Length Scaled)	Chang et al.	0.00041430797876462755	0.022139207358190416	0.0016015888678626578	0.0030136857834290876	0.0	0.003538907985697781	0.0	0.004621961255252938	0.0008530452827668622	0.0	0.009062262565759927	0.0	0.01243411357810964	0.09954582789739419	0.0
Salmon(Length Scaled)	Chen et al.	0.029243684103583023	0.0	0.0025588896100107172	0.0006001047224979406	0.0	0.008594567095734917	0.012249359776343116	0.04857376209129094	0.0016594189892715772	0.008002869938167567	0.02574714800301714	0.0	0.0001835005468882045	0.20865727201912287	0.0
Salmon(Length Scaled)	Gardella et al.	0.00016103175006854098	0.026134511631548896	0.015016608526162156	0.004115206579618502	0.0002740514414750761	0.006335544522886982	0.00021333308766002812	0.006460825140849891	0.039703009815192924	0.0006359701739592216	0.05412363619073701	0.0006359701739587775	0.008882403336619493	0.14940198483422618	0.0
Salmon(Length Scaled)	Ibarra et al.	0.005158328598392381	0.00418455784465932	0.0035992378813614057	0.0	0.0014729960110460016	0.0016331349055480615	0.037554163307906174	0.01611098682886447	0.004286885495675463	0.00021574485098652119	0.004891207708095369	0.0	0.006189368745095125	0.12647498506830102	0.0008284624946230945
Salmon(Length Scaled)	Moore et al.	0.0026330905604964316	0.018398301693237196	0.0008352664435213875	0.01695693530392084	0.004565621803197084	0.016621113469790894	0.0	0.016112021235785257	0.016304081474753263	0.0	0.025361252856807237	0.011155101822416524	0.0016414272450768763	0.21504145325900126	0.00107650828872341
Salmon(Length Scaled)	Moufarrej et al.	0.02758864587094767	0.00650160117355203	0.003194500391343502	0.0	0.0005479015503507823	0.006360925013405461	0.00027129011686832794	0.012460226930858687	0.0	0.0	0.024231458834423347	0.0	0.005994261905013509	0.07819999469922345	0.0032622448862379416
Salmon(Length Scaled)	Roskams-Hieter B et al.	0.018825150524560352	0.0	0.002854034093389912	0.0	0.003254202266582129	0.0	0.011918754127070885	0.015740554494994563	0.01394439359810673	0.0	0.016699864546681598	0.0	0.014493769726980132	0.06986183260122336	0.0014945993231926247
Salmon(Length Scaled)	Toden et al.	0.003694826161856235	0.001214566179010279	0.005457548434084525	0.009041819502334625	0.0	0.0013182610798593286	0.00552542696669911	0.025178415189909154	0.008313835987521556	0.0011139119286950327	0.007655224169565877	0.0011139119286950327	0.002273726136333143	0.28048937934558327	0.00026885772475682135
Salmon(Length Scaled)	Ward Z et al.	0.014772619755610727		0.0014413019937139504	0.0002129264204853154	0.0063762627983591225	0.0013584573777198905	0.0018126236570759069	0.001484893635887885	0.0025699613227179174	0.0001461044236866771	0.05154014713504762	0.0001461044236866771	0.03373738968536677	0.22316482989690478	0.00046523082755944856
Salmon(Scaled)	Chalasani et al.	0.00045329562640161747		0.0034041387460430617	0.002425671961693965	0.0006106128559482116	0.0009801328710261625	0.0018442652100907342	0.014810274663434209	0.0030877436344993736	0.0	0.007735596583140936	0.0	0.00366865106567571	0.28165965975899343	1.7794434972406847e-05
Salmon(Scaled)	Chang et al.	0.001490576931353238	0.031990988046550095	0.001600470674807175	0.0022536520909056668	0.0	0.004948663736075498	0.0	0.005615980463087866	0.0	0.0	0.003739842367831203	0.0	0.005886683813558502	0.08571508121072502	0.0
Salmon(Scaled)	Chen et al.	0.017694016680975366	0.0019721088014710286	0.007565447098652922	0.0	0.001091317001067127	0.011704015174901272	0.01086071260410626	0.039806091285633505	0.0	0.012882484231580893	0.01909385569349631	0.0	0.0017447343120244874	0.19035041997339697	0.002218065639052913
Salmon(Scaled)	Gardella et al.	0.0	0.019013425526340888	0.009181441134858082	0.002838450575759599	0.0006604723148979641	0.014187840049253109	0.0	0.007821587886166381	0.03224769455416132	0.0	0.04346979573052734	0.0	0.006833370787949766	0.11336657978750309	0.0
Salmon(Scaled)	Ibarra et al.	0.001369107599787367	0.002150838476110306	0.002848033270787753	0.00153662346668193	0.0	0.0	0.07700394367453833	0.0047003461998805784	0.0023652174776177537	0.0004995015259690039	0.004821189779984469	0.0	0.014004242058022975	0.1216129406399521	0.0
Salmon(Scaled)	Moore et al.	0.0026996641643159958	0.013206205530049364	0.000966237544148818	0.013901538981372807	0.006822582120896703	0.019498889432881472	0.0	0.01029541619722385	0.014838152524675019	0.0	0.027348278071344767	0.008480003623282384	0.001044394417288208	0.1848192999749868	0.0026575301940021667
Salmon(Scaled)	Moufarrej et al.	0.032786148018216	0.0025460070025091763	0.00629348312173561	0.0	0.0019315145973914927	0.003862126786228548	0.000613717587359508	0.014718498714390238	0.0	0.0	0.0277846422735748	0.0005137189486007498	0.007153105628644907	0.06807449781649422	0.00766458493881661
Salmon(Scaled)	Roskams-Hieter B et al.	0.021580074680495276	0.0	0.010883239945870704	0.0	0.0023667302994168082	0.0	0.016090713079928265	0.010860366346851946	0.01950214185171195	0.0	0.024563913767530643	0.0	0.01495886328377738	0.052261064054647255	0.0012446890884977302
Salmon(Scaled)	Toden et al.	0.0028694251185936714	0.0	0.0013592549054726177	0.007846634772253225	0.0008189762657846433	0.0033713425517098994	0.004193191700964327	0.03117340166538285	0.012494331022898209	0.0	0.011601990487552616	0.0	0.0016524132654780477	0.28827046063251593	0.0
Salmon(Scaled)	Ward Z et al.	0.011293895574030266		0.003914225878956068	0.0007112057122818927	0.005077018344926021	0.0015131211293067937	0.0008929993207109632	0.004213794087891354	0.001536188090724644	0.0	0.04088344484648321	0.0	0.027159044824858314	0.20906454151575637	0.0010527453836144396
EDAseq (GC + Length)	Chalasani et al.	0.0016282783528005496		0.002758908988236719	0.004911271318525645	0.00251016979912122	0.002632944492720002	0.005161615319531299	0.007407497937973129	0.0036736307160413206	0.0	0.008487848868794168	0.0	0.008122481386083735	0.008389868924318922	0.0012052675969094206
EDAseq (GC + Length)	Chang et al.	0.0006038185333209212	0.013415876163682228	0.006215913903575232	0.0031780954829903063	0.0018595109694563572	0.004600161899429245	0.001501680826936358	0.006076632895510303	0.002453528886957379	0.00014809016183670032	0.0018925951409737296	0.00027192113214957736	0.0013094768481880514	0.016804811923149976	0.003012669285047176
EDAseq (GC + Length)	Chen et al.	0.0009239623156673815	0.0011366949701842044	0.00952321765166897	0.031009981664773867	0.003131286974105363	0.009021099533759513	0.001686902665954615	0.024789262166964532	0.007121166130387602	0.0009165572614867612	0.004471364438115799	0.0	0.0072020615093454365	0.015116360577273391	0.005250188174451553
EDAseq (GC + Length)	Gardella et al.	6.64873865112714e-05	0.008888840971918222	0.004832608786188963	0.006169399186419677	0.0007614205678641017	0.005167367627667563	0.0006272720822732003	0.006243423071480292	0.005517219987755673	0.0	0.0016147592997747262	0.0	0.0035003963717163966	0.0057718605369475595	0.0015322658053928961
EDAseq (GC + Length)	Ibarra et al.	0.0	0.03178257576110721	0.0018556310999523484	0.00642249716536214	0.0	0.0	0.01547465919787716	0.00890838497460944	0.0030824846561141594	0.002576196560881039	0.0016402208296351084	0.0	0.006188893835698206	0.012861179834215641	0.0018431628139422562
EDAseq (GC + Length)	Moore et al.	0.0002354610083115105	0.004464315950147846	0.0039840894948632855	0.012296863777705447	0.00018211581595695137	0.0021775250429413306	0.001361310085806977	0.008150683880971732	0.0025327951867731846	0.0	0.002292249970208826	0.000530601130556918	0.003616432211161813	0.0035013608865699375	0.0018753323657483278
EDAseq (GC + Length)	Moufarrej et al.	0.0008277780455163697	0.0008241686099190737	0.007554164713104661	0.006957472412241206	0.0016511657791696832	0.0030025980022438947	0.0	0.003488125312823387	0.0022087764898033324	0.0	0.0008788179722086786	0.0	0.003594394304136772	0.00146534235909912	0.0017430658546315758
EDAseq (GC + Length)	Roskams-Hieter B et al.	0.0005432240936059651	0.001345482929360764	0.009490182452155937	0.004729037083375909	0.001324549885391768	0.002748567817272063	0.009104258344592275	0.005522855885719213	0.0022499279206411593	0.0023976715349516287	0.0024746635204910827	0.0023976715349516287	0.010123707628957201	0.0037811895679491503	0.003509965120838232
EDAseq (GC + Length)	Toden et al.	0.0007330005769268233	0.0009864986803697073	0.0038981340413541954	0.013613253812933435	0.0009419242914899817	0.002556938061032743	0.0024429850690269594	0.008521829615868892	0.007408898095280669	0.0	0.006126069213244767	0.0	0.008871608910863804	0.0059665175469685305	0.0002444552999677496
EDAseq (GC + Length)	Ward Z et al.	0.006945888129848976		0.01136094683472777	0.008682703668866032	0.008277408522095908	0.008610147200103668	0.007805529551191515	0.013992233725372838	0.006633961408665234	0.00015892282551277503	0.0075132613907737955	0.00015892282551277503	0.011818539979270959	0.009249775261918614	0.010597288906943447
RUVg Platelet (k=1)	Chalasani et al.	0.0015284142359096586		0.0026304535392920325	0.004694736386123055	0.002400867500867432	0.002550277199306117	0.005243782963165633	0.001791292206840489	0.003497378274414431	0.0	0.009373338759814054	0.0	0.007424467707274451	0.0073450777267766165	0.0011183073714735592
RUVg Platelet (k=1)	Chang et al.	0.0005415190947147819	0.017277043701525274	0.006694847553345928	0.004199772310380934	0.0023896040080738645	0.005486674483006326	0.0020608070018349745	0.0024299396651361604	0.0032537938537724465	0.0002595457737427642	0.0026182409523991534	0.0002879147811626348	0.002062315572491924	0.01388607783559559	0.0038937169922795833
RUVg Platelet (k=1)	Chen et al.	0.0008082682875271141	0.00033263827976581783	0.010008198509176891	0.05408035360794927	0.004849060014053719	0.012500316050422455	0.0	0.013256364110247998	0.007848173733864705	0.002325827349338283	0.004554904195331222	0.0	0.010983051580388259	0.010744457138332608	0.007625056428233634
RUVg Platelet (k=1)	Gardella et al.	0.000251015877347438	0.011418159321100574	0.0063799542262488185	0.007677601685704305	0.0013622112844547951	0.0048810366730071	0.0006727958749633833	0.01201990514208251	0.009589590429177508	0.0	0.0022822439493863644	0.0	0.005032700410929625	0.002668714584722842	0.0022410268394914556
RUVg Platelet (k=1)	Ibarra et al.	0.0	0.022811372792637896	0.0022746339505864688	0.00624265981126948	0.0	0.0	0.011611184573154132	0.010108452715674954	0.003062517564099032	0.003000723263152927	0.0023304910007597712	0.0	0.006925288656291828	0.008192261220240304	0.0017271138062797675
RUVg Platelet (k=1)	Moore et al.	0.0001247924966842895	0.004492598938915293	0.0028329400653595016	0.009356732725423478	0.00022377071443002716	0.0018989623779352982	0.0013101090328400122	0.008271131791161457	0.0024632541399762786	0.0	0.0016297330981059899	0.000559313432502373	0.004023755903132087	0.0019503084519766345	0.0018845114561256704
RUVg Platelet (k=1)	Moufarrej et al.	0.0008536790997130117	0.0005370409516559649	0.006313033869808526	0.007505973696069201	0.0018232342240207533	0.003632461431693712	0.0	0.004419284288978531	0.0021586406211345777	0.0	0.0009227502688051725	0.0	0.0032230254861165264	0.0012477941816950722	0.0019850615670869987
RUVg Platelet (k=1)	Roskams-Hieter B et al.	0.0007779071594619102	0.001089913179809665	0.008691219954569895	0.004818150515597752	0.0015403670571425554	0.002418171138116487	0.012235249322356201	0.0025164260463715893	0.002517302044721448	0.0027655380751957503	0.0031126460304715664	0.0027655380751957503	0.00948950995660569	0.0029523740438980317	0.00453521976311122
RUVg Platelet (k=1)	Toden et al.	0.0009526504150924042	0.0012989460550196785	0.004649365133534866	0.013716943378857094	0.0011316017757269092	0.0029190909182407188	0.002891407948017677	0.001521602545959011	0.00918765084123807	0.0	0.008231697572531171	0.0	0.0079486754117859	0.004877127898453182	0.00047737140933235
RUVg Platelet (k=1)	Ward Z et al.	0.007522574537988658		0.010791428373513656	0.009632373950196449	0.009105816849065307	0.009771482614510552	0.00887975647864725	0.009357614240801504	0.007097199443189095	0.00017952745260885195	0.00805684827527453	0.00017952745260885195	0.011620407970562852	0.009393782353170677	0.009477739192788714
RUVg Platelet (k=2)	Chalasani et al.	0.0014710593607456524		0.0026376694543032153	0.004368871774291461	0.0020818421399594333	0.0021321038170638573	0.005318854829362452	0.0018301315374201765	0.0035550578151472	0.0	0.007815752709821266	0.0	0.005761197370872995	0.006941466803352725	0.001083035283516831
RUVg Platelet (k=2)	Chang et al.	0.000551936976969869	0.01731154064276519	0.00771696830884816	0.003820929643670423	0.0016447499203461335	0.002299612592539524	0.0012451372967755558	0.003934815859744867	0.0020727202028431035	0.00023050474878616445	0.0027249622515771454	0.00021479207150321145	0.000923548877911684	0.004291094306496768	0.0025739140654880144
RUVg Platelet (k=2)	Chen et al.	0.0012389470931067903	0.0002611108197640988	0.012947922588111394	0.02325034440125895	0.006010998520684541	0.011790966276376436	0.0	0.012901335917823054	0.006877633056493804	0.0035132757012497073	0.006666088027509565	0.0	0.015491462515868415	0.00825634595806557	0.00903195979599103
RUVg Platelet (k=2)	Gardella et al.	0.0002041605708142935	0.01146014570078735	0.007416411030092829	0.006621007898389597	0.0012020036827620206	0.004175908569778453	0.00046208492096566633	0.004776307810167801	0.0077428559853415235	0.0	0.00247213541117286	0.0	0.0054661722749471675	0.002843091247313856	0.002296958750900191
RUVg Platelet (k=2)	Ibarra et al.	0.0	0.02127984108161618	0.0026711995842845226	0.005816698773153162	0.0	0.0	0.0066055878359584375	0.0066274859980599565	0.0017764439697812717	0.003347041208317525	0.0025496245009650753	0.0	0.005942524614311329	0.0103766544153151	0.0015329977772090553
RUVg Platelet (k=2)	Moore et al.	7.408411445386509e-05	0.004989600763750102	0.001793202596443444	0.004529967074551333	0.0002875586542958608	0.0009133104364118516	0.0015171065658852179	0.0039336022040670215	0.0028404282667044978	0.0	0.001780866888858701	0.0005551180726925953	0.0043165637539053225	0.0009669861881125286	0.002317650377554714
RUVg Platelet (k=2)	Moufarrej et al.	0.0006607036589710846	0.0011974674232515525	0.005135109180370301	0.0035463104072626095	0.0017071052206637516	0.0015613892202167579	0.0	0.006526816160725035	0.00237871858718941	0.0	0.0010374751555131123	0.0	0.003088988189937858	0.001443296828068652	0.0020333188304041405
RUVg Platelet (k=2)	Roskams-Hieter B et al.	0.0018176208043004793	0.0020495710253510824	0.005248446139359708	0.002017928330565466	0.0016979547034736697	0.0017119939333299916	0.01484070410485161	0.0018139594700679051	0.002925335056366496	0.0033273911208296925	0.0027015944220343258	0.0033273911208296925	0.009004579749200103	0.003146455766639411	0.005380821406756553
RUVg Platelet (k=2)	Toden et al.	0.0011072454477643046	0.0008788956207866905	0.00462938039283145	0.011951791466906503	0.0009578079249261684	0.002440904652849185	0.00015381684852544542	0.0016005505340652704	0.009298765727218994	0.0	0.009571340727771993	0.0	0.005311949139290784	0.002831652403351592	0.0005008667684617274
RUVg Platelet (k=2)	Ward Z et al.	0.007914919941003906		0.009908017427204374	0.009470540202432765	0.009205129644766608	0.008615173151731659	0.00886462784724995	0.009467034150658749	0.0074240968302200505	0.00020950731524549404	0.006925043896543692	0.00020950731524549404	0.0118829175415609	0.009705198850551877	0.008479127950081766
RUVg Platelet (k=3)	Chalasani et al.	0.0015008316288647183		0.002127090167295509	0.004086983456443982	0.0021187149086419055	0.002153084758764745	0.005168560438953196	0.0012188887125463843	0.0025531052128299203	0.0	0.007636804151743948	0.0	0.00499916952090651	0.0048872537320426845	0.0011003736005764653
RUVg Platelet (k=3)	Chang et al.	0.0005871601627391865	0.016885341065065895	0.007082789121017341	0.0023897554241560925	0.0016400306365964568	0.0018123591168440756	0.0010187877204338447	0.00402581622209186	0.002314496966488444	0.00029343471974985214	0.002783258199213212	0.00027502852934546684	0.0010404382481838947	0.0036145711319889307	0.002573677729099999
RUVg Platelet (k=3)	Chen et al.	0.0014137719895261913	0.0003993138706426258	0.010681239738254189	0.01280825437277422	0.005949924517955618	0.010027319404414703	0.0	0.013349993603354537	0.007530847631901372	0.0033671235541974376	0.007290610306631251	0.0	0.01774088492049497	0.006945802954354652	0.010143641412511784
RUVg Platelet (k=3)	Gardella et al.	0.00010654733404169558	0.006476448601973939	0.00446433381110356	0.005884560607101741	9.897072539200025e-05	0.0015414773173995089	0.0002974598776840365	0.004873569407642053	0.004802111765011996	0.0	0.0026277873654665385	0.0	0.005418750916606707	0.0025801050952098947	0.0009262969432650703
RUVg Platelet (k=3)	Ibarra et al.	0.0	0.02106188647534546	0.0026586880818547654	0.005957982149152108	0.0	0.0	0.005786389902125655	0.002644734433368545	0.0018494552503629524	0.003589970988534641	0.002830149183793318	0.0	0.00363902504284197	0.004685741721568548	0.0012528408168862581
RUVg Platelet (k=3)	Moore et al.	7.118796803717853e-05	0.004421064503720151	0.0018445303157383908	0.0033127571082283147	0.00016881068414120737	0.0005597344946031146	0.0014732041212976998	0.0033443373973208734	0.001982940066876493	0.0	0.0017442773075430074	0.0005174339386297966	0.004391002097408503	0.0008896153550007613	0.0023983135938340228
RUVg Platelet (k=3)	Moufarrej et al.	0.0006619649106666126	0.001167341727997595	0.0049293114454548315	0.0023037611541080194	0.001758955073960955	0.0012829891400122362	0.0	0.00456669712861546	0.002750254340781799	0.0	0.0010422910770654381	0.0	0.0031374437214478634	0.0013853713642258958	0.002090288703436749
RUVg Platelet (k=3)	Roskams-Hieter B et al.	0.0017385144930353036	0.0022486550592709653	0.0008781560348918305	0.0022817331261647533	0.001349598448160072	0.0015906133885886797	0.013084578878111208	0.0013819337339231463	0.0013758398544446715	0.003528703246001519	0.0026662818916289854	0.003528703246001519	0.009133329884165375	0.0033117090842745833	0.005551663645044558
RUVg Platelet (k=3)	Toden et al.	0.0012594029847896593	0.0006387856067129327	0.0009454880241218655	0.011454324814560546	0.000831584050189571	0.002192184628601268	0.00017893494064236126	0.001673688407105689	0.005788242247272146	0.0	0.009888700439720899	0.0	0.004274741949577443	0.002842043655685189	6.459680393322564e-05
RUVg Platelet (k=3)	Ward Z et al.	0.008049162689096057		0.008182550483022077	0.009447005210106219	0.00944760187446847	0.008856380168214772	0.009088428280752625	0.00864657580382544	0.007637020888400459	0.0002477119673428563	0.006410373575795436	0.0002477119673428563	0.012151060971751226	0.008880716620412343	0.006207720126098049
EDAseq + RUVg (k=1)	Chalasani et al.	0.0016676407287279371		0.002870316016692742	0.004989424406953602	0.0025795255718574772	0.0027136583178409834	0.005325429140656257	0.0018272179496657825	0.003769268279719018	0.0	0.00867073681457009	0.0	0.0081319140032855	0.008572856180587674	0.00124549733585122
EDAseq + RUVg (k=1)	Chang et al.	0.0006599482432806392	0.015143676324946731	0.00572371923034698	0.003579544038825655	0.0020137980948724543	0.005202592624784286	0.0017592278004829875	0.002417753514701082	0.0027118375102415104	0.0001739920674533879	0.0021374467641636086	0.0003378974407247659	0.001411241672947372	0.017994353041638544	0.003362585341012081
EDAseq + RUVg (k=1)	Chen et al.	0.0012184673224666653	0.001450061904146649	0.007886348499293816	0.033340872465821736	0.003947259526096536	0.013043056537655695	0.0013569853116705	0.010055157323300201	0.007648343709118155	0.0012856010653614636	0.005567053317910187	0.0	0.008465487041961484	0.011227198631670099	0.0054674958696944165
EDAseq + RUVg (k=1)	Gardella et al.	8.974572533981817e-05	0.009238589819844378	0.004783804170970574	0.0055783628556367315	0.0008892066747870908	0.0039274528261316055	0.0006230970932439295	0.008274651944353506	0.006437713492165709	0.0	0.0016616984153854375	0.0	0.003931192628794489	0.006527595649637896	0.0017551418900947358
EDAseq + RUVg (k=1)	Ibarra et al.	0.0	0.030891550361220932	0.0019929181005124974	0.005895204521756625	0.0	0.0	0.011134008892604408	0.008390671088248092	0.0023328816252413676	0.0026877006830784422	0.0017434081371737742	0.0	0.00596378242463258	0.010090503955517804	0.0015176401797459826
EDAseq + RUVg (k=1)	Moore et al.	0.00027651131336070556	0.0046964269197175	0.002934115755448441	0.009202494390970761	0.00015980434994000703	0.0017203713164247736	0.0015626836299028612	0.009532978017528615	0.0027901315401940296	0.0	0.0025441296561946602	0.0005767611567726316	0.0037564235237371735	0.002494569131684221	0.0020628751597053796
EDAseq + RUVg (k=1)	Moufarrej et al.	0.0008655861626840622	0.0009111431324655417	0.0069766938314392846	0.0070615037975276795	0.001775488737757236	0.003071816502215663	0.0	0.005016957757830842	0.002034739251250417	0.0	0.0008297232592270332	0.0	0.0031353662829906037	0.0015262560299116323	0.001901917979858725
EDAseq + RUVg (k=1)	Roskams-Hieter B et al.	0.0005903809669111082	0.0013610661062604112	0.009656054881836518	0.005097941439220488	0.0014157954104355719	0.0023573241655237	0.009922895527117004	0.0023998124765559625	0.0024153974374041542	0.0025698132419396114	0.0026218088218290525	0.0025698132419396114	0.011030255126785349	0.00418601243477168	0.003625807338752618
EDAseq + RUVg (k=1)	Toden et al.	0.0007857070666855703	0.0011311313560361524	0.003950384868924628	0.014469345822820223	0.0010047641358303938	0.002556264452035717	0.0027120304580049437	0.0014281423134129279	0.00806538491220199	0.0	0.006564947543943989	0.0	0.009436047886073218	0.006347084000774661	0.00027127994241349374
EDAseq + RUVg (k=1)	Ward Z et al.	0.007220792255182018		0.010877356134123883	0.009105554964067286	0.008316631789698437	0.00855106890902213	0.008406718448887629	0.011545823449552572	0.006933065112911696	0.00017897619709072998	0.007859408563095638	0.00017897619709095203	0.011867098901587658	0.010017844396606135	0.010827395650119254
EDAseq + RUVg (k=2)	Chalasani et al.	0.0015735099966849297		0.0029008900072673427	0.004645169665319804	0.0021472818441450325	0.002181070325209644	0.005414447533880762	0.0018689421677802187	0.003831996358012124	0.0	0.007112619337429682	0.0	0.006109904116258225	0.008011697075077984	0.0011822472024545227
EDAseq + RUVg (k=2)	Chang et al.	0.0006544112484332398	0.015915313439498813	0.006798788425793845	0.003586495012483426	0.0012581265781526074	0.0018544583621656896	0.0009795611141077964	0.004945929717016573	0.001522708341663681	0.00023214701953422345	0.0022984498173178602	0.00026677143590936314	0.0006950709362546492	0.006924466221023273	0.002085769631617773
EDAseq + RUVg (k=2)	Chen et al.	0.0012878571070712441	0.0016726807054090465	0.009511900635003734	0.02875670561461119	0.0041113198786461025	0.008895390467026365	0.0014485351309937444	0.011123664725900317	0.006026791835342493	0.0016838352917672994	0.0051096417795116755	0.0	0.010873709802685538	0.006591642071443249	0.006073465457668625
EDAseq + RUVg (k=2)	Gardella et al.	7.274250840660912e-05	0.008768635841123973	0.005478524956894271	0.004785502232062755	0.0007148662243803283	0.00302772118904282	0.00046261981357820225	0.002845520946350155	0.004855985706972432	0.0	0.0018726099639463367	0.0	0.004155675022568639	0.006479665637983856	0.0017393995081402824
EDAseq + RUVg (k=2)	Ibarra et al.	0.0	0.028211788003030036	0.002335732322785611	0.0051472891364156	0.0	0.0	0.006149462961487551	0.005649004844752392	0.0014114790468388039	0.002916984269686229	0.0018525235875592738	0.0	0.005108573326166876	0.01213650230021901	0.001104414278851995
EDAseq + RUVg (k=2)	Moore et al.	0.0003778606871251977	0.005276636594502282	0.00170652780898084	0.004176126577727812	0.00023588963863618861	0.0007961175556285838	0.001754096408751682	0.00489317690522284	0.003143203245577264	0.0	0.002857099341378566	0.0005775443960174265	0.004076633106098404	0.0013535020678790977	0.0026117567216674686
EDAseq + RUVg (k=2)	Moufarrej et al.	0.0008380675723248521	0.0019605029584560674	0.0055041780175788535	0.003138002510649107	0.0017014780448212363	0.0016989739774300183	0.0	0.007607854160888272	0.003645902267857659	0.0	0.0009609510769060803	0.0	0.0031227441130357025	0.0017326369599014457	0.0019214480109795984
EDAseq + RUVg (k=2)	Roskams-Hieter B et al.	0.0013805448076447124	0.0026831024632447686	0.0053577438874911065	0.0017408137080580088	0.0012248226374048654	0.0010994860661164285	0.013009485080522798	0.0021796712659009065	0.0030373406154693416	0.0035774441147835567	0.0026352725463822946	0.0035774441147835567	0.010413633078334317	0.004265133849523206	0.004460484604818071
EDAseq + RUVg (k=2)	Toden et al.	0.0009171876778050203	0.0008728506923346702	0.003918647065674463	0.013198159675730126	0.0007897186656745658	0.0020648134698042497	0.00010183604006230862	0.0014547818811836422	0.008130261378031856	0.0	0.007968563906904147	0.0	0.00599563699299166	0.003972682325488086	0.00029053826388136805
EDAseq + RUVg (k=2)	Ward Z et al.	0.007416326672199158		0.010362841963145186	0.008908449239814709	0.008300147054826512	0.007938230309280425	0.008361534236771107	0.011274794954502565	0.007116755939749808	0.00018438258641362282	0.00804456878710924	0.00018438258641362282	0.012175368768184702	0.010178176500041047	0.010969514930205926
EDAseq + RUVg (k=3)	Chalasani et al.	0.0016203567933391616		0.002271722843742552	0.004279851896023756	0.0021969141689611726	0.0022027801142940895	0.005248442588467128	0.0012220858742733043	0.002761110204586248	0.0	0.006981323038415144	0.0	0.005284801167600994	0.005423775823120258	0.0012017602801418503
EDAseq + RUVg (k=3)	Chang et al.	0.0006835353196195104	0.015508096453410225	0.006101086887336238	0.0020996344487760332	0.001241470806203293	0.0014265180591914728	0.0007867822726941309	0.005033380600520387	0.001664311769086213	0.0002816726154113436	0.0023379724719506667	0.00031868504493315353	0.0007680102154279389	0.006144967828630055	0.0020556455658656825
EDAseq + RUVg (k=3)	Chen et al.	0.00143276561234984	0.0018171288335440128	0.008387670689741555	0.019331827241704014	0.0037302543787822717	0.006813087248763283	0.0018357886115373256	0.012658429044527963	0.00608951322831508	0.0014318414197411755	0.005712964820783872	0.0	0.012183170764609397	0.005485306009067048	0.006748355704451425
EDAseq + RUVg (k=3)	Gardella et al.	6.543287508242734e-05	0.005115134070376892	0.0023509783787606375	0.00434103604641467	2.3761391187315795e-05	0.0011590799326747225	0.0003479254263523135	0.0028456021535328	0.0030121071792613696	0.0	0.0019701075501159515	0.0	0.004086317148392915	0.007685129588035022	0.0006962757133890385
EDAseq + RUVg (k=3)	Ibarra et al.	0.0	0.02998968425492876	0.0023141229865665247	0.005317511532282326	0.0	0.0	0.005395174147997173	0.0023450628532538653	0.0014762611064746967	0.003121725074565762	0.0020932876699849556	0.0	0.0031871426226018906	0.006490570399001805	0.0009097475168550195
EDAseq + RUVg (k=3)	Moore et al.	0.000367414243137687	0.00467933442376256	0.0017535892097066963	0.003200029778664737	0.00010952427177790547	0.0004435592245276565	0.0017559450684339062	0.004501055511462515	0.0025296092502381518	0.0	0.0027446265398844982	0.000529194863792326	0.004152142739901166	0.0012341815298136938	0.002900593326112255
EDAseq + RUVg (k=3)	Moufarrej et al.	0.0008980486061446191	0.0020628112994410808	0.005268911866778692	0.0021166105775906052	0.0017672330440453576	0.0012211656451305286	0.0	0.0051554465184719955	0.004262539883722494	0.0	0.0009639299274609714	0.0	0.003168806479021513	0.0016675901971162643	0.0019784972291807534
EDAseq + RUVg (k=3)	Roskams-Hieter B et al.	0.0013645413334972822	0.0027825376691693604	0.000809165720524474	0.0019434930850277254	0.0009086421192893157	0.000974481340609179	0.011690106951165458	0.0017342835905049814	0.0017591641206025077	0.003749645043880978	0.0026100926082179843	0.003749645043880978	0.010527031330258563	0.004438994234177929	0.004608452813922526
EDAseq + RUVg (k=3)	Toden et al.	0.0010446959517774745	0.0006083060343486935	0.0009000390950302251	0.012711535329117285	0.0007230454184073976	0.0019072110964416522	0.00012526486519304214	0.0015106636367743231	0.005271462531087234	0.0	0.00820864666604093	0.0	0.004636699959821078	0.003898285798209722	0.0
EDAseq + RUVg (k=3)	Ward Z et al.	0.0077371523741515125		0.00777561980646746	0.009170418355796794	0.008807805693140658	0.008348302233184612	0.008835816792060691	0.008894636710654935	0.007542161666457936	0.00027452168291053347	0.006177835387645714	0.00027452168291053347	0.01214446684427617	0.009550816229107917	0.005617545150894743
